Month,cogs,gross_income
2019-01,314.6425,15.732124999999998
2019-02,305.57716171617164,15.27885808580858
2019-03,302.15460869565214,15.10773043478261
2020-01,387.33,19.3665
2020-02,336.1616666666667,16.808083333333332
2020-03,240.29999999999998,12.015
